Neighborhood,Year,Unstable Emp Rate
Elmhurst/Corona,2005,0.30808
University Heights,2005,0.56722
Concourse/Highbridge,2005,0.48807
Morrisania,2005,0.56482
Bensonhurst,2005,0.27642
Borough Park,2005,0.42677
Mott Haven,2005,0.6536
Bronx,2005,0.47847
The Rockaways,2005,0.29671
Washington Heights,2005,0.47498
Staten Island,2005,0.29509
East Harlem,2005,0.47077
Astoria,2005,0.31768
Flushing,2005,0.36194
Manhattanville,2005,0.58703
Coney Island,2005,0.35748
Upper East Side,2005,0.19189
Rego Park/Forest Hills,2005,0.25234
Upper West Side,2005,0.21602
Sunnyside/Woodside,2005,0.30823
Flatbush/Midwood,2005,0.35654
Murray Hill/Stuyvesant,2005,0.14621
St. George,2005,0.26258
South Beach,2005,0.37998
Midtown Business District,2005,0.31142
Central Harlem,2005,0.55969
Queens Village,2005,0.25068
East Tremont,2005,0.56482
Jamaica/St. Albans,2005,0.28824
Park Slope,2005,0.27957
Woodhaven,2005,0.31987
East New York,2005,0.36205
Fresh Meadows/Briarwood,2005,0.26213
Canarsie,2005,0.20731
Bushwick,2005,0.52768
Bedford Stuyvesant,2005,0.44988
Sunset Park,2005,0.33543
Fort Greene/Brooklyn Hts,2005,0.53875
Williamsburg/Greenpoint,2005,0.30603
Crown Heights North,2005,0.51489
Brooklyn,2005,0.36878
Howard Beach,2005,0.22321
Bayside,2005,0.27902
Williamsbridge,2005,0.43188
Pelham Parkway,2005,0.25672
Throgs Neck,2005,0.3201
Unionport/Soundview,2005,0.50506
Queens,2005,0.30245
Crown Heights South,2005,0.38008
Riverdale,2005,0.37765
East Flatbush,2005,0.31462
Ridgewood/Glendale,2005,0.35886
Bay Ridge,2005,0.32143
Bedford Park,2005,0.35254
Chelsea/Clinton,2005,0.31142
Lower East Side,2005,0.49573
Hunts Point,2005,0.6536
Battery Park/Tribeca,2005,0.29723
Sheepshead Bay,2005,0.23654
Manhattan,2005,0.40112
New York City,2005,0.37391
Tottenville,2005,0.26869
Jackson Heights,2005,0.34919
Greenwich Village,2005,0.29723
Brownsville,2005,0.47826
Upper West Side,2006,0.2161
Sunnyside/Woodside,2006,0.30348
East Flatbush,2006,0.48448
Coney Island,2006,0.27688
Tottenville,2006,0.25862
Riverdale,2006,0.30048
Sheepshead Bay,2006,0.30066
Upper East Side,2006,0.17838
Crown Heights North,2006,0.5024
Rego Park/Forest Hills,2006,0.27091
Greenwich Village,2006,0.22782
Jackson Heights,2006,0.28628
Williamsburg/Greenpoint,2006,0.50559
Mott Haven,2006,0.50918
Fort Greene/Brooklyn Hts,2006,0.40663
Bay Ridge,2006,0.24755
Throgs Neck,2006,0.32647
East Harlem,2006,0.47124
Washington Heights,2006,0.51759
Pelham Parkway,2006,0.28261
Queens,2006,0.30592
The Rockaways,2006,0.41172
Flushing,2006,0.2968
Williamsbridge,2006,0.38858
Brownsville,2006,0.49513
Manhattan,2006,0.34487
Borough Park,2006,0.37933
Central Harlem,2006,0.39479
Crown Heights South,2006,0.39647
Howard Beach,2006,0.28116
Brooklyn,2006,0.2848
Bronx,2006,0.45762
Manhattanville,2006,0.345
Unionport/Soundview,2006,0.4792
Bayside,2006,0.21174
Ridgewood/Glendale,2006,0.31657
Staten Island,2006,0.29173
Battery Park/Tribeca,2006,0.22782
Astoria,2006,0.32245
Canarsie,2006,0.33597
Queens Village,2006,0.28287
Elmhurst/Corona,2006,0.30067
University Heights,2006,0.57091
Fresh Meadows/Briarwood,2006,0.27503
Bensonhurst,2006,0.23759
East Tremont,2006,0.50017
Lower East Side,2006,0.38829
Bushwick,2006,0.48291
Chelsea/Clinton,2006,0.3006
Morrisania,2006,0.50017
Midtown Business District,2006,0.3006
South Beach,2006,0.30782
East New York,2006,0.40524
St. George,2006,0.31333
Concourse/Highbridge,2006,0.51593
New York City,2006,0.30607
Sunset Park,2006,0.39511
Flatbush/Midwood,2006,0.26358
Park Slope,2006,0.35555
Woodhaven,2006,0.36089
Bedford Stuyvesant,2006,0.5436
Bedford Park,2006,0.52104
Hunts Point,2006,0.50918
Murray Hill/Stuyvesant,2006,0.1548
Jamaica/St. Albans,2006,0.30461
Washington Heights,2007,0.41774
Elmhurst/Corona,2007,0.28988
Throgs Neck,2007,0.28157
Queens,2007,0.30168
Borough Park,2007,0.36545
East Flatbush,2007,0.41185
Concourse/Highbridge,2007,0.46025
Queens Village,2007,0.25392
Crown Heights South,2007,0.38852
Bensonhurst,2007,0.29285
East Tremont,2007,0.50259
Astoria,2007,0.34078
Unionport/Soundview,2007,0.41932
Bronx,2007,0.44902
Morrisania,2007,0.50259
The Rockaways,2007,0.35095
Brownsville,2007,0.50194
Sheepshead Bay,2007,0.29723
Mott Haven,2007,0.51554
Riverdale,2007,0.36434
Jamaica/St. Albans,2007,0.39465
Flushing,2007,0.30062
Hunts Point,2007,0.51554
Bedford Park,2007,0.57914
Bay Ridge,2007,0.19484
University Heights,2007,0.55876
Lower East Side,2007,0.57317
Williamsbridge,2007,0.3562
Greenwich Village,2007,0.17717
Murray Hill/Stuyvesant,2007,0.40134
Coney Island,2007,0.46268
Ridgewood/Glendale,2007,0.29302
Sunnyside/Woodside,2007,0.30907
Williamsburg/Greenpoint,2007,0.48844
Upper East Side,2007,0.17273
Jackson Heights,2007,0.35064
Upper West Side,2007,0.28027
Howard Beach,2007,0.3181
Fort Greene/Brooklyn Hts,2007,0.42666
Flatbush/Midwood,2007,0.44924
Rego Park/Forest Hills,2007,0.13743
Fresh Meadows/Briarwood,2007,0.2789
Bushwick,2007,0.47567
St. George,2007,0.28522
Sunset Park,2007,0.29413
Midtown Business District,2007,0.18572
New York City,2007,0.36582
Staten Island,2007,0.23627
Crown Heights North,2007,0.48023
Bedford Stuyvesant,2007,0.50482
Manhattanville,2007,0.3463
Pelham Parkway,2007,0.32171
Park Slope,2007,0.30337
South Beach,2007,0.26781
Bayside,2007,0.23738
East New York,2007,0.3336
Battery Park/Tribeca,2007,0.17717
Chelsea/Clinton,2007,0.18572
Central Harlem,2007,0.58722
East Harlem,2007,0.50382
Tottenville,2007,0.14768
Brooklyn,2007,0.38254
Canarsie,2007,0.22314
Manhattan,2007,0.37824
Woodhaven,2007,0.2528
Park Slope,2008,0.26192
New York City,2008,0.30664
Brownsville,2008,0.44632
Woodhaven,2008,0.23753
East Tremont,2008,0.53851
East New York,2008,0.35351
Bay Ridge,2008,0.12263
University Heights,2008,0.47867
Bushwick,2008,0.3561
Canarsie,2008,0.16095
Fort Greene/Brooklyn Hts,2008,0.34104
Bedford Stuyvesant,2008,0.35248
Manhattan,2008,0.29117
Throgs Neck,2008,0.28668
Crown Heights South,2008,0.34538
Queens,2008,0.24969
Pelham Parkway,2008,0.23779
Bayside,2008,0.13309
Williamsbridge,2008,0.28519
Tottenville,2008,0.14545
Jamaica/St. Albans,2008,0.29672
Unionport/Soundview,2008,0.34499
Crown Heights North,2008,0.33906
Howard Beach,2008,0.39534
Williamsburg/Greenpoint,2008,0.55869
Riverdale,2008,0.3091
Fresh Meadows/Briarwood,2008,0.33184
Ridgewood/Glendale,2008,0.1862
Bedford Park,2008,0.37896
Sunset Park,2008,0.25287
Brooklyn,2008,0.31983
Queens Village,2008,0.19284
Battery Park/Tribeca,2008,0.1237
Borough Park,2008,0.3501
Central Harlem,2008,0.51237
Hunts Point,2008,0.4141
Rego Park/Forest Hills,2008,0.11158
St. George,2008,0.28792
South Beach,2008,0.17961
Flushing,2008,0.2131
Flatbush/Midwood,2008,0.2936
Mott Haven,2008,0.4141
Murray Hill/Stuyvesant,2008,0.10475
The Rockaways,2008,0.25504
East Harlem,2008,0.28623
Bronx,2008,0.39583
Staten Island,2008,0.20985
Washington Heights,2008,0.40672
Midtown Business District,2008,0.23004
Jackson Heights,2008,0.25466
Elmhurst/Corona,2008,0.26507
Bensonhurst,2008,0.28861
Astoria,2008,0.34683
Greenwich Village,2008,0.1237
Manhattanville,2008,0.26918
Lower East Side,2008,0.49613
Chelsea/Clinton,2008,0.23004
Sunnyside/Woodside,2008,0.21259
Sheepshead Bay,2008,0.27307
Morrisania,2008,0.53851
East Flatbush,2008,0.21497
Coney Island,2008,0.36284
Upper West Side,2008,0.15294
Upper East Side,2008,0.22967
Concourse/Highbridge,2008,0.51362
Washington Heights,2009,0.4499
Fresh Meadows/Briarwood,2009,0.25868
Upper East Side,2009,0.14562
Canarsie,2009,0.24076
Bayside,2009,0.20456
East Harlem,2009,0.55594
Sunnyside/Woodside,2009,0.22861
Bedford Stuyvesant,2009,0.56375
Throgs Neck,2009,0.22567
Williamsburg/Greenpoint,2009,0.51384
Upper West Side,2009,0.21466
Murray Hill/Stuyvesant,2009,0.15465
Sunset Park,2009,0.33844
Coney Island,2009,0.20449
Fort Greene/Brooklyn Hts,2009,0.30792
Greenwich Village,2009,0.10534
Brooklyn,2009,0.35507
Central Harlem,2009,0.39489
St. George,2009,0.32876
Crown Heights North,2009,0.46542
Crown Heights South,2009,0.25806
Manhattanville,2009,0.38978
Williamsbridge,2009,0.28308
Elmhurst/Corona,2009,0.26136
Queens Village,2009,0.18053
Ridgewood/Glendale,2009,0.2159
Staten Island,2009,0.2585
East Flatbush,2009,0.25774
Pelham Parkway,2009,0.23409
Lower East Side,2009,0.4307
Howard Beach,2009,0.16483
Borough Park,2009,0.38858
Flushing,2009,0.19481
Tottenville,2009,0.24696
Battery Park/Tribeca,2009,0.10534
Jamaica/St. Albans,2009,0.28438
Chelsea/Clinton,2009,0.46582
Woodhaven,2009,0.24111
Queens,2009,0.23234
Bedford Park,2009,0.3568
Hunts Point,2009,0.62858
Bay Ridge,2009,0.20517
Park Slope,2009,0.25664
Flatbush/Midwood,2009,0.37674
Bensonhurst,2009,0.26111
Astoria,2009,0.30804
East New York,2009,0.38622
Morrisania,2009,0.44241
Riverdale,2009,0.27244
South Beach,2009,0.16678
Brownsville,2009,0.58106
Concourse/Highbridge,2009,0.42443
Sheepshead Bay,2009,0.16952
Midtown Business District,2009,0.46582
Unionport/Soundview,2009,0.45143
Bronx,2009,0.41226
Jackson Heights,2009,0.22965
Manhattan,2009,0.33182
New York City,2009,0.3254
Rego Park/Forest Hills,2009,0.18103
The Rockaways,2009,0.29602
University Heights,2009,0.5624
Bushwick,2009,0.4238
Mott Haven,2009,0.62858
East Tremont,2009,0.44241
South Beach,2010,0.1562
St. George,2010,0.38732
Chelsea/Clinton,2010,0.30398
Brownsville,2010,0.49223
Fresh Meadows/Briarwood,2010,0.19979
New York City,2010,0.35824
Fort Greene/Brooklyn Hts,2010,0.36561
East New York,2010,0.51088
Upper West Side,2010,0.24983
Woodhaven,2010,0.2859
Sheepshead Bay,2010,0.1886
Elmhurst/Corona,2010,0.23
Murray Hill/Stuyvesant,2010,0.16943
Bedford Stuyvesant,2010,0.47494
Bushwick,2010,0.30084
Rego Park/Forest Hills,2010,0.15893
Midtown Business District,2010,0.30398
Lower East Side,2010,0.41886
Canarsie,2010,0.23907
Sunset Park,2010,0.2832
Flatbush/Midwood,2010,0.31558
Queens Village,2010,0.2448
Crown Heights North,2010,0.35893
Upper East Side,2010,0.08789
Howard Beach,2010,0.25078
Unionport/Soundview,2010,0.39829
Manhattan,2010,0.35164
The Rockaways,2010,0.46184
Mott Haven,2010,0.55457
Riverdale,2010,0.23044
Jamaica/St. Albans,2010,0.41775
Tottenville,2010,0.14737
Flushing,2010,0.25396
Washington Heights,2010,0.42595
Hunts Point,2010,0.55457
Jackson Heights,2010,0.31595
Astoria,2010,0.35257
Morrisania,2010,0.63514
East Tremont,2010,0.63514
Bensonhurst,2010,0.30141
Battery Park/Tribeca,2010,0.22033
Bay Ridge,2010,0.28964
University Heights,2010,0.51543
Concourse/Highbridge,2010,0.46756
Bedford Park,2010,0.47126
Throgs Neck,2010,0.37482
Bronx,2010,0.47472
Queens,2010,0.30043
Williamsburg/Greenpoint,2010,0.5254
Manhattanville,2010,0.48065
Brooklyn,2010,0.35482
Greenwich Village,2010,0.22033
Sunnyside/Woodside,2010,0.21754
Coney Island,2010,0.28095
Central Harlem,2010,0.55164
Crown Heights South,2010,0.3137
Staten Island,2010,0.2436
Williamsbridge,2010,0.44257
East Flatbush,2010,0.31019
Borough Park,2010,0.44196
Bayside,2010,0.20559
East Harlem,2010,0.52355
Park Slope,2010,0.21236
Ridgewood/Glendale,2010,0.40112
Pelham Parkway,2010,0.45475
Borough Park,2011,0.41646
Rego Park/Forest Hills,2011,0.17404
Coney Island,2011,0.38875
Flatbush/Midwood,2011,0.27807
Ridgewood/Glendale,2011,0.21195
Fresh Meadows/Briarwood,2011,0.22014
Sheepshead Bay,2011,0.22336
Bensonhurst,2011,0.30368
Crown Heights South,2011,0.46056
Bay Ridge,2011,0.18391
Flushing,2011,0.15903
East Flatbush,2011,0.36416
Sunset Park,2011,0.37449
Crown Heights North,2011,0.3433
Bayside,2011,0.17938
Chelsea/Clinton,2011,0.36005
Lower East Side,2011,0.46852
Pelham Parkway,2011,0.33067
Park Slope,2011,0.16139
Throgs Neck,2011,0.18783
South Beach,2011,0.16943
Unionport/Soundview,2011,0.41142
Central Harlem,2011,0.39015
Jamaica/St. Albans,2011,0.36961
Hunts Point,2011,0.62706
Riverdale,2011,0.25559
The Rockaways,2011,0.29216
Elmhurst/Corona,2011,0.35739
Astoria,2011,0.26353
Bedford Park,2011,0.33786
East Tremont,2011,0.61048
Midtown Business District,2011,0.36005
Murray Hill/Stuyvesant,2011,0.10462
University Heights,2011,0.483
Morrisania,2011,0.61048
Concourse/Highbridge,2011,0.53427
Upper East Side,2011,0.05636
Upper West Side,2011,0.20326
Brownsville,2011,0.53227
Queens Village,2011,0.21485
Queens,2011,0.25074
Sunnyside/Woodside,2011,0.15521
East New York,2011,0.44306
East Harlem,2011,0.40153
Bushwick,2011,0.46829
New York City,2011,0.34426
Woodhaven,2011,0.27193
Manhattan,2011,0.32517
Bedford Stuyvesant,2011,0.48379
Washington Heights,2011,0.44276
Canarsie,2011,0.31171
Jackson Heights,2011,0.27003
Staten Island,2011,0.24878
Manhattanville,2011,0.47132
St. George,2011,0.34915
Battery Park/Tribeca,2011,0.25604
Howard Beach,2011,0.25601
Williamsburg/Greenpoint,2011,0.62882
Tottenville,2011,0.17238
Bronx,2011,0.44391
Greenwich Village,2011,0.25604
Brooklyn,2011,0.3804
Williamsbridge,2011,0.35446
Mott Haven,2011,0.62706
Fort Greene/Brooklyn Hts,2011,0.36508
Upper East Side,2012,0.15725
Manhattanville,2012,0.50497
Coney Island,2012,0.30879
Staten Island,2012,0.21298
Park Slope,2012,0.22187
Upper West Side,2012,0.24287
Jackson Heights,2012,0.38172
New York City,2012,0.3391
Manhattan,2012,0.34706
Rego Park/Forest Hills,2012,0.2044
Battery Park/Tribeca,2012,0.17785
Tottenville,2012,0.13205
Greenwich Village,2012,0.17785
St. George,2012,0.32951
Elmhurst/Corona,2012,0.33976
Sheepshead Bay,2012,0.2761
East Flatbush,2012,0.32683
South Beach,2012,0.13383
Flatbush/Midwood,2012,0.20485
Chelsea/Clinton,2012,0.20016
Midtown Business District,2012,0.20016
Murray Hill/Stuyvesant,2012,0.24635
Lower East Side,2012,0.4426
Central Harlem,2012,0.45658
Astoria,2012,0.26057
Throgs Neck,2012,0.3576
Bayside,2012,0.14575
Crown Heights South,2012,0.24986
Pelham Parkway,2012,0.31376
Fresh Meadows/Briarwood,2012,0.16888
Queens,2012,0.2532
Crown Heights North,2012,0.3864
Williamsbridge,2012,0.41963
Brooklyn,2012,0.34783
Williamsburg/Greenpoint,2012,0.59059
Howard Beach,2012,0.2492
Fort Greene/Brooklyn Hts,2012,0.41917
Canarsie,2012,0.22501
Bedford Stuyvesant,2012,0.5019
Woodhaven,2012,0.24428
Sunset Park,2012,0.42457
Bushwick,2012,0.39404
East New York,2012,0.38305
Sunnyside/Woodside,2012,0.18091
Unionport/Soundview,2012,0.47087
Brownsville,2012,0.4528
Ridgewood/Glendale,2012,0.25645
Borough Park,2012,0.34904
East Harlem,2012,0.46935
Washington Heights,2012,0.41289
Bronx,2012,0.46501
Mott Haven,2012,0.56544
The Rockaways,2012,0.33107
Jamaica/St. Albans,2012,0.30547
Morrisania,2012,0.545
Hunts Point,2012,0.56544
Bensonhurst,2012,0.27945
Concourse/Highbridge,2012,0.52917
Flushing,2012,0.1683
Bay Ridge,2012,0.21187
University Heights,2012,0.51651
East Tremont,2012,0.545
Bedford Park,2012,0.42481
Riverdale,2012,0.30848
Queens Village,2012,0.23363
Queens,2013,0.25301
Canarsie,2013,0.29905
East Flatbush,2013,0.36621
Ridgewood/Glendale,2013,0.23985
Astoria,2013,0.31121
Sunnyside/Woodside,2013,0.25812
Elmhurst/Corona,2013,0.22024
Riverdale,2013,0.18331
Bayside,2013,0.15583
Greenwich Village,2013,0.10518
Unionport/Soundview,2013,0.49006
Jamaica/St. Albans,2013,0.2629
Brownsville,2013,0.55518
Bedford Park,2013,0.44452
East Tremont,2013,0.49509
University Heights,2013,0.47768
Concourse/Highbridge,2013,0.47446
Morrisania,2013,0.49509
Queens Village,2013,0.23481
South Beach,2013,0.24238
Throgs Neck,2013,0.07724
Lower East Side,2013,0.56773
Hunts Point,2013,0.51145
Mott Haven,2013,0.51145
Bronx,2013,0.42112
Washington Heights,2013,0.35576
East Harlem,2013,0.32314
Central Harlem,2013,0.38896
Staten Island,2013,0.29242
Chelsea/Clinton,2013,0.24548
Manhattanville,2013,0.36557
Midtown Business District,2013,0.24548
St. George,2013,0.35826
Upper East Side,2013,0.15974
The Rockaways,2013,0.35693
Upper West Side,2013,0.07598
Jackson Heights,2013,0.22694
Williamsbridge,2013,0.41054
New York City,2013,0.33242
Rego Park/Forest Hills,2013,0.25401
Sheepshead Bay,2013,0.23802
Flatbush/Midwood,2013,0.34287
Coney Island,2013,0.24214
Borough Park,2013,0.34656
Bensonhurst,2013,0.28864
Bay Ridge,2013,0.35864
Flushing,2013,0.27909
Manhattan,2013,0.27493
Battery Park/Tribeca,2013,0.10518
Fresh Meadows/Briarwood,2013,0.25411
Crown Heights South,2013,0.35413
Crown Heights North,2013,0.43877
Sunset Park,2013,0.36107
Park Slope,2013,0.23698
East New York,2013,0.43695
Bushwick,2013,0.28292
Woodhaven,2013,0.22951
Tottenville,2013,0.24676
Bedford Stuyvesant,2013,0.50578
Howard Beach,2013,0.24513
Fort Greene/Brooklyn Hts,2013,0.40089
Williamsburg/Greenpoint,2013,0.54522
Brooklyn,2013,0.37066
Pelham Parkway,2013,0.40752
Murray Hill/Stuyvesant,2013,0.02171
Tottenville,2014,0.31467
South Beach,2014,0.22383
Ridgewood/Glendale,2014,0.23758
Staten Island,2014,0.34185
The Rockaways,2014,0.24899
Queens Village,2014,0.21232
Jamaica/St. Albans,2014,0.31027
Bayside,2014,0.22082
Howard Beach,2014,0.25963
Woodhaven,2014,0.26513
Fresh Meadows/Briarwood,2014,0.17577
Flushing,2014,0.20001
Rego Park/Forest Hills,2014,0.14303
St. George,2014,0.43495
New York City,2014,0.33622
Queens,2014,0.2505
Jackson Heights,2014,0.24676
Bedford Park,2014,0.39446
Riverdale,2014,0.40587
Unionport/Soundview,2014,0.4903
Throgs Neck,2014,0.20132
Pelham Parkway,2014,0.29511
Williamsbridge,2014,0.39443
Brooklyn,2014,0.35358
East Tremont,2014,0.51664
Williamsburg/Greenpoint,2014,0.41879
Bedford Stuyvesant,2014,0.35882
Bushwick,2014,0.34859
East New York,2014,0.37325
Park Slope,2014,0.17529
Sunset Park,2014,0.29521
Crown Heights North,2014,0.38295
Crown Heights South,2014,0.27674
Fort Greene/Brooklyn Hts,2014,0.29962
Bay Ridge,2014,0.23055
University Heights,2014,0.50385
Morrisania,2014,0.51664
Elmhurst/Corona,2014,0.35871
Manhattan,2014,0.30921
Battery Park/Tribeca,2014,0.17065
Greenwich Village,2014,0.17065
Lower East Side,2014,0.46349
Chelsea/Clinton,2014,0.33495
Midtown Business District,2014,0.33495
Concourse/Highbridge,2014,0.45262
Murray Hill/Stuyvesant,2014,0.1019
Upper East Side,2014,0.13305
Manhattanville,2014,0.41725
Central Harlem,2014,0.42947
Washington Heights,2014,0.3886
Bronx,2014,0.43499
Mott Haven,2014,0.51817
Hunts Point,2014,0.51817
Upper West Side,2014,0.1322
Bensonhurst,2014,0.28287
East Harlem,2014,0.493
Sheepshead Bay,2014,0.22451
Flatbush/Midwood,2014,0.40858
Borough Park,2014,0.40198
Coney Island,2014,0.51456
Astoria,2014,0.37262
Brownsville,2014,0.5692
East Flatbush,2014,0.39422
Sunnyside/Woodside,2014,0.16844
Canarsie,2014,0.32026
Throgs Neck,2015,0.37567
South Beach,2015,0.23834
Borough Park,2015,0.36203
Washington Heights,2015,0.34199
Midtown Business District,2015,0.27045
Mott Haven,2015,0.54792
Williamsbridge,2015,0.2823
Astoria,2015,0.32762
Bayside,2015,0.17137
Chelsea/Clinton,2015,0.27045
Howard Beach,2015,0.28417
Pelham Parkway,2015,0.35451
Brownsville,2015,0.53713
St. George,2015,0.39165
Manhattanville,2015,0.42308
Riverdale,2015,0.28356
Bedford Park,2015,0.37855
Murray Hill/Stuyvesant,2015,0.09826
East Tremont,2015,0.55015
Jamaica/St. Albans,2015,0.33803
Hunts Point,2015,0.54792
Elmhurst/Corona,2015,0.32682
Queens Village,2015,0.1706
East Flatbush,2015,0.29829
Upper West Side,2015,0.31155
University Heights,2015,0.42895
Concourse/Highbridge,2015,0.43531
Upper East Side,2015,0.06129
Unionport/Soundview,2015,0.34998
Brooklyn,2015,0.32763
Sheepshead Bay,2015,0.18176
The Rockaways,2015,0.33096
Rego Park/Forest Hills,2015,0.2543
Manhattan,2015,0.33269
Sunset Park,2015,0.32659
Ridgewood/Glendale,2015,0.21254
East Harlem,2015,0.62164
Crown Heights North,2015,0.49792
Fresh Meadows/Briarwood,2015,0.22994
New York City,2015,0.32544
Crown Heights South,2015,0.23273
Tottenville,2015,0.16741
Staten Island,2015,0.27455
Bay Ridge,2015,0.31242
Bensonhurst,2015,0.30159
Jackson Heights,2015,0.27178
Flushing,2015,0.19583
Canarsie,2015,0.23752
Morrisania,2015,0.55015
Woodhaven,2015,0.30098
Williamsburg/Greenpoint,2015,0.28058
Lower East Side,2015,0.55293
Fort Greene/Brooklyn Hts,2015,0.34477
Flatbush/Midwood,2015,0.356
Bedford Stuyvesant,2015,0.42367
Central Harlem,2015,0.40017
Greenwich Village,2015,0.13771
Sunnyside/Woodside,2015,0.2334
Bronx,2015,0.41383
Coney Island,2015,0.30846
East New York,2015,0.29623
Queens,2015,0.26298
Battery Park/Tribeca,2015,0.13771
Park Slope,2015,0.2101
Bushwick,2015,0.39394
Ridgewood/Glendale,2016,0.1553
Elmhurst/Corona,2016,0.29261
Central Harlem,2016,0.5355
Manhattanville,2016,0.43235
Borough Park,2016,0.5082
Upper West Side,2016,0.19402
Astoria,2016,0.26004
Murray Hill/Stuyvesant,2016,0.05487
St. George,2016,0.34537
South Beach,2016,0.19805
Chelsea/Clinton,2016,0.1169
Lower East Side,2016,0.37754
Greenwich Village,2016,0.064
Battery Park/Tribeca,2016,0.064
Sunnyside/Woodside,2016,0.24402
Jackson Heights,2016,0.26797
Manhattan,2016,0.34552
New York City,2016,0.31749
Tottenville,2016,0.21424
Upper East Side,2016,0.0545
East Harlem,2016,0.60893
Midtown Business District,2016,0.1169
Staten Island,2016,0.26094
Bayside,2016,0.18879
Howard Beach,2016,0.27276
Brooklyn,2016,0.30152
Williamsburg/Greenpoint,2016,0.31596
Fort Greene/Brooklyn Hts,2016,0.20001
Flatbush/Midwood,2016,0.40938
Bedford Stuyvesant,2016,0.40806
Bushwick,2016,0.48844
Coney Island,2016,0.43051
East New York,2016,0.40117
Park Slope,2016,0.30265
Woodhaven,2016,0.22075
Fresh Meadows/Briarwood,2016,0.18625
Sunset Park,2016,0.37135
Crown Heights North,2016,0.34044
Flushing,2016,0.2365
Crown Heights South,2016,0.26009
Bay Ridge,2016,0.23273
Washington Heights,2016,0.34413
Williamsbridge,2016,0.36542
Sheepshead Bay,2016,0.186
Rego Park/Forest Hills,2016,0.18332
Throgs Neck,2016,0.36191
Pelham Parkway,2016,0.28419
Bensonhurst,2016,0.27439
The Rockaways,2016,0.39531
Queens,2016,0.24681
Bronx,2016,0.38992
Hunts Point,2016,0.42831
Morrisania,2016,0.3899
Canarsie,2016,0.2607
Concourse/Highbridge,2016,0.46443
Mott Haven,2016,0.42831
East Flatbush,2016,0.29011
Queens Village,2016,0.27475
Jamaica/St. Albans,2016,0.23894
East Tremont,2016,0.3899
Bedford Park,2016,0.43751
Riverdale,2016,0.17744
Unionport/Soundview,2016,0.3482
University Heights,2016,0.5063
Brownsville,2016,0.41918
Ridgewood/Glendale,2017,0.17203
Elmhurst/Corona,2017,0.3232
Jackson Heights,2017,0.30201
Sunnyside/Woodside,2017,0.12879
Astoria,2017,0.28228
Canarsie,2017,0.21081
Sheepshead Bay,2017,0.24543
Brownsville,2017,0.45234
Flatbush/Midwood,2017,0.30073
Rego Park/Forest Hills,2017,0.17836
Coney Island,2017,0.46772
Borough Park,2017,0.39483
East Flatbush,2017,0.27992
Flushing,2017,0.18492
Tottenville,2017,0.16747
Woodhaven,2017,0.26286
Bensonhurst,2017,0.31237
New York City,2017,0.32211
Staten Island,2017,0.22819
Queens,2017,0.25347
Manhattan,2017,0.33232
Brooklyn,2017,0.32383
Fresh Meadows/Briarwood,2017,0.24922
Bronx,2017,0.42989
St. George,2017,0.28412
The Rockaways,2017,0.32485
Queens Village,2017,0.24038
Jamaica/St. Albans,2017,0.29626
Bayside,2017,0.24819
Howard Beach,2017,0.30691
South Beach,2017,0.22441
Bay Ridge,2017,0.19878
Bedford Stuyvesant,2017,0.37115
Crown Heights North,2017,0.30091
Crown Heights South,2017,0.38953
Battery Park/Tribeca,2017,0.11777
Greenwich Village,2017,0.11777
Lower East Side,2017,0.52244
Chelsea/Clinton,2017,0.3352
Midtown Business District,2017,0.3352
Murray Hill/Stuyvesant,2017,0.19386
Upper West Side,2017,0.25277
Manhattanville,2017,0.44196
Central Harlem,2017,0.48192
East Harlem,2017,0.53801
Washington Heights,2017,0.32044
Mott Haven,2017,0.60882
Hunts Point,2017,0.60882
Morrisania,2017,0.50636
Upper East Side,2017,0.1368
University Heights,2017,0.51061
Concourse/Highbridge,2017,0.47528
Park Slope,2017,0.20832
East New York,2017,0.30599
Bushwick,2017,0.45823
Fort Greene/Brooklyn Hts,2017,0.32415
Williamsburg/Greenpoint,2017,0.31643
Williamsbridge,2017,0.38022
Sunset Park,2017,0.37353
Throgs Neck,2017,0.25398
Unionport/Soundview,2017,0.40883
Riverdale,2017,0.29105
Bedford Park,2017,0.37328
East Tremont,2017,0.50636
Pelham Parkway,2017,0.28702
Flushing,2018,0.26658
Rego Park/Forest Hills,2018,0.08279
Ridgewood/Glendale,2018,0.18535
Elmhurst/Corona,2018,0.21151
Jackson Heights,2018,0.18198
Sunnyside/Woodside,2018,0.09582
Astoria,2018,0.2389
Brownsville,2018,0.44483
East Flatbush,2018,0.35308
Sheepshead Bay,2018,0.18632
Flatbush/Midwood,2018,0.288
Coney Island,2018,0.3941
Borough Park,2018,0.49334
Canarsie,2018,0.31419
Fresh Meadows/Briarwood,2018,0.22215
New York City,2018,0.32019
Howard Beach,2018,0.26373
Bayside,2018,0.18624
Jamaica/St. Albans,2018,0.29555
Queens Village,2018,0.18194
The Rockaways,2018,0.16698
St. George,2018,0.27543
Bensonhurst,2018,0.29512
South Beach,2018,0.13112
Tottenville,2018,0.15683
Bronx,2018,0.45513
Brooklyn,2018,0.35596
Manhattan,2018,0.29559
Queens,2018,0.21106
Staten Island,2018,0.19172
Woodhaven,2018,0.24655
Bay Ridge,2018,0.23865
Upper East Side,2018,0.07006
Crown Heights North,2018,0.34576
Battery Park/Tribeca,2018,0.0593
Greenwich Village,2018,0.0593
Lower East Side,2018,0.5118
Chelsea/Clinton,2018,0.1302
Midtown Business District,2018,0.1302
Murray Hill/Stuyvesant,2018,0.17447
Upper West Side,2018,0.24631
Manhattanville,2018,0.38516
Central Harlem,2018,0.46051
East Harlem,2018,0.50579
Washington Heights,2018,0.34848
Mott Haven,2018,0.58965
Hunts Point,2018,0.58965
Morrisania,2018,0.53249
Concourse/Highbridge,2018,0.56746
Crown Heights South,2018,0.38977
East Tremont,2018,0.53249
University Heights,2018,0.57697
Sunset Park,2018,0.43063
Park Slope,2018,0.19888
East New York,2018,0.32002
Bedford Stuyvesant,2018,0.37998
Fort Greene/Brooklyn Hts,2018,0.2794
Bushwick,2018,0.43328
Williamsbridge,2018,0.40955
Pelham Parkway,2018,0.2659
Throgs Neck,2018,0.26091
Unionport/Soundview,2018,0.3986
Riverdale,2018,0.32397
Bedford Park,2018,0.41167
Williamsburg/Greenpoint,2018,0.5466
Sunnyside/Woodside,2019,0.1675
Rego Park/Forest Hills,2019,0.05501
Ridgewood/Glendale,2019,0.1964
Elmhurst/Corona,2019,0.20295
Jackson Heights,2019,0.33557
Astoria,2019,0.22407
Borough Park,2019,0.34765
East Flatbush,2019,0.26365
Brownsville,2019,0.55225
Sheepshead Bay,2019,0.14421
Flatbush/Midwood,2019,0.14036
Coney Island,2019,0.39291
Flushing,2019,0.23835
Canarsie,2019,0.2987
Fresh Meadows/Briarwood,2019,0.11861
St. George,2019,0.26875
Howard Beach,2019,0.29212
Bayside,2019,0.15346
Jamaica/St. Albans,2019,0.2387
Queens Village,2019,0.29391
The Rockaways,2019,0.29715
South Beach,2019,0.20838
Tottenville,2019,0.16331
Bronx,2019,0.42848
Brooklyn,2019,0.31798
Manhattan,2019,0.23554
Queens,2019,0.22346
Staten Island,2019,0.21619
New York City,2019,0.29798
Bensonhurst,2019,0.28189
Woodhaven,2019,0.22191
Bay Ridge,2019,0.14032
Crown Heights South,2019,0.40291
Crown Heights North,2019,0.34325
Greenwich Village,2019,0.12284
Lower East Side,2019,0.45007
Chelsea/Clinton,2019,0.09656
Midtown Business District,2019,0.09656
Murray Hill/Stuyvesant,2019,0.0
Upper West Side,2019,0.19289
Upper East Side,2019,0.1076
Manhattanville,2019,0.2023
Central Harlem,2019,0.47802
East Harlem,2019,0.38177
Washington Heights,2019,0.25082
Mott Haven,2019,0.55185
Hunts Point,2019,0.55185
Morrisania,2019,0.53776
Concourse/Highbridge,2019,0.40727
Battery Park/Tribeca,2019,0.12284
East Tremont,2019,0.53776
University Heights,2019,0.42132
Sunset Park,2019,0.25329
Park Slope,2019,0.13133
East New York,2019,0.34537
Bedford Stuyvesant,2019,0.40328
Fort Greene/Brooklyn Hts,2019,0.29393
Bushwick,2019,0.53591
Williamsbridge,2019,0.41549
Pelham Parkway,2019,0.2715
Throgs Neck,2019,0.27233
Unionport/Soundview,2019,0.50545
Riverdale,2019,0.30648
Bedford Park,2019,0.38534
Williamsburg/Greenpoint,2019,0.57589
Sunnyside/Woodside,2021,0.37
Rego Park/Forest Hills,2021,0.135
Ridgewood/Glendale,2021,0.34
Elmhurst/Corona,2021,0.605
Jackson Heights,2021,0.457
Astoria,2021,0.398
Borough Park,2021,0.439
East Flatbush,2021,0.392
Brownsville,2021,0.531
Sheepshead Bay,2021,0.386
Flatbush/Midwood,2021,0.355
Coney Island,2021,0.344
New York City,2021,0.386
Canarsie,2021,0.31
Flushing,2021,0.379
The Rockaways,2021,0.365
Woodhaven,2021,0.325
Howard Beach,2021,0.229
Bayside,2021,0.43
Jamaica/St. Albans,2021,0.381
Queens Village,2021,0.296
St. George,2021,0.369
South Beach,2021,0.251
Tottenville,2021,0.191
Bronx,2021,0.473
Brooklyn,2021,0.388
Manhattan,2021,0.353
Queens,2021,0.36
Staten Island,2021,0.279
Bensonhurst,2021,0.431
Fresh Meadows/Briarwood,2021,0.315
Bay Ridge,2021,0.324
University Heights,2021,0.619
Crown Heights North,2021,0.425
Crown Heights South,2021,0.338
Battery Park/Tribeca,2021,0.119
Greenwich Village,2021,0.119
Lower East Side,2021,0.51
Chelsea/Clinton,2021,0.412
Midtown Business District,2021,0.412
Murray Hill/Stuyvesant,2021,0.054
Upper West Side,2021,0.158
Upper East Side,2021,0.058
Central Harlem,2021,0.536
East Harlem,2021,0.459
Washington Heights,2021,0.583
Mott Haven,2021,0.612
Hunts Point,2021,0.612
Morrisania,2021,0.493
Manhattanville,2021,0.566
East Tremont,2021,0.493
Concourse/Highbridge,2021,0.437
Park Slope,2021,0.194
East New York,2021,0.402
Bushwick,2021,0.543
Bedford Stuyvesant,2021,0.456
Williamsburg/Greenpoint,2021,0.4
Fort Greene/Brooklyn Hts,2021,0.245
Pelham Parkway,2021,0.385
Sunset Park,2021,0.414
Throgs Neck,2021,0.382
Unionport/Soundview,2021,0.473
Riverdale,2021,0.339
Bedford Park,2021,0.481
Williamsbridge,2021,0.393
Astoria,2022,0.349
Elmhurst/Corona,2022,0.45
Jackson Heights,2022,0.298
Sunnyside/Woodside,2022,0.276
Canarsie,2022,0.218
Bensonhurst,2022,0.368
Brownsville,2022,0.612
Sheepshead Bay,2022,0.328
Flatbush/Midwood,2022,0.387
Coney Island,2022,0.399
Borough Park,2022,0.333
Ridgewood/Glendale,2022,0.265
East Flatbush,2022,0.437
Rego Park/Forest Hills,2022,0.13
Queens,2022,0.275
Fresh Meadows/Briarwood,2022,0.246
Woodhaven,2022,0.249
Howard Beach,2022,0.203
Bayside,2022,0.255
Jamaica/St. Albans,2022,0.347
Queens Village,2022,0.219
The Rockaways,2022,0.276
St. George,2022,0.313
South Beach,2022,0.259
Tottenville,2022,0.139
Bronx,2022,0.448
Brooklyn,2022,0.346
Manhattan,2022,0.285
Bay Ridge,2022,0.247
Flushing,2022,0.211
Crown Heights South,2022,0.217
University Heights,2022,0.629
Sunset Park,2022,0.209
Staten Island,2022,0.237
Battery Park/Tribeca,2022,0.182
Greenwich Village,2022,0.182
Lower East Side,2022,0.444
Chelsea/Clinton,2022,0.323
Midtown Business District,2022,0.105
Murray Hill/Stuyvesant,2022,0.105
Upper West Side,2022,0.192
Upper East Side,2022,0.161
Manhattanville,2022,0.383
Central Harlem,2022,0.315
East Harlem,2022,0.435
Washington Heights,2022,0.354
Mott Haven,2022,0.504
Crown Heights North,2022,0.355
Hunts Point,2022,0.504
Concourse/Highbridge,2022,0.43
East Tremont,2022,0.52
Bedford Park,2022,0.398
Riverdale,2022,0.347
Unionport/Soundview,2022,0.381
Throgs Neck,2022,0.333
Pelham Parkway,2022,0.407
Williamsbridge,2022,0.47
Williamsburg/Greenpoint,2022,0.526
Fort Greene/Brooklyn Hts,2022,0.15
Bedford Stuyvesant,2022,0.445
Bushwick,2022,0.268
East New York,2022,0.394
Park Slope,2022,0.187
Morrisania,2022,0.52
New York City,2022,0.333
